{
    "PrimaryDetails": {
        "AssetTitle": "",
        "AssetURL": "",
        "AssetType": "Docs as Code",
        "Description": "",
        "Products": [],
        "Scenarios": [],
        "SolutionAreas": [],
        "Tags": [],
        "AssetVersion": "",
        "AssetContributors": [],
        "AssetOwner": [
            "v-test"
        ],
        "RegisteredBy": "",
        "RegisteredDate": "",
        "docsAsCodeDetails": {
            "docFxPath": "",
            "branchName": "",
            "commitId": "",
            "name": "",
            "sourceType": "",
            "url": ""
        }
    }
}