{
	"PrimaryDetails": {
		"AssetTitle": "",
		"AssetURL": "",
		"AssetType": "IP Component",
		"Description": "",
		"Products": [],
		"Scenarios": [],
		"Tags": [],
		"AssetVersion": "",
		"AssetContributors": [ "v-test" ],
		"AssetOwner": [ "v-test" ],
		"RegisteredBy": "v-test",
		"RegisteredDate": "",
		"DeliveryProductID": "",
		"DomainServiceline": ""
	},

	"IPDetails": {
		"DisplayVersion": "",
		"WorkItems": [
			{
				"Name": "",
				"SourceType": "",
				"Url": ""
			}
		],
		"Repository": [
			{
				"Name": "",
				"SourceType": "",
				"Url": ""
			}
		],
		"Pipelines": [
			{
				"Name": "",
				"SourceType": "",
				"Url": ""
			}
		],
		"docsAsCode": [
			{
				"name": "",
				"sourceType": "",
				"url": "",
				"repoBranch": "",
				"path": ""
			}
		],
		"iterationAreaTeams": [
			{
				"Name": "",
				"SourceType": "",
				"Url": ""
			}
		],
		"Dashboards": [
			{
				"Name": "",
				"SourceType": "",
				"Url": ""
			}
		],
		"Queries": [
			{
				"Name": "",
				"SourceType": "",
				"Url": ""
			}
		],
		"AssociatedComponents": [
			{
				"InnerSourceId": "",
				"BuildNumber": "",
				"DisplayVersion": ""
			}
		]
	}
}